Programa estratégico,Sistema productivo,Área temática,Nombre del proyecto,Investigador líder,Rol CI Palmira,Institución ejecutora,Aliados estratégicos,Rol del aliado,Problema abordado,Objetivo del proyecto,Justificación estratégica,Política pública asociada,Metodología principal,Variables evaluadas,"Tipo de intervención (I+D+i, Canales OT, Fortalecimiento)",Resultados principales,Productos generados,Publicaciones,Oferta tecnológica,Tipo de tecnología,TRL inicial,TRL final,Estado tecnológico,Impacto técnico,Impacto económico,Impacto social,Impacto ambiental,Departamentos,Municipios,Tipo de beneficiarios,Beneficiarios directos,Beneficiarios indirectos,Área potenciales de adopción,Activos generados,Estado propiedad intelectual,Financiador,Monto del proyecto,Año inicio,Año final,Estado del proyecto,Capacidad_emergente,Capacidad_consolidada,Capacidad_distintiva
Bioeconomía: Prácticas de agricultura sostenible,Aguacate Hass,Fisiología vegetal y nutrición,Estandarización de protocolos para aplicación de riego y fertyilización,Alexander Rebolledo Roa,Ejecutor,AGROSAVIA,"1. Colciencias
2. Aproare
3. Asfruher","1. Financiador
2 y 3. Vertice sociedad civil organizada",Baja disponibilidad de opciones tecnológicas para el manejo de riego y nutrición,Optimizar la floración y productividad del aguacate Hass mediante manejo hídrico y nutricional.,"Los bajos rendimientos del aguacate combinado con la proyección de nuevas zonas de siembra para incrementar la participación en el mercado internacional, requieren del desarrollo de tecnologías que conduzcan a un incremento en la productividad.","CONPES 3582 DEL 25 DE ABRIL DE 2009 ""Política Nacional de Ciencia, Tecnología e Innovación""","Nutrición. metodología
del índice de balance de nutrientes (ibn) Kenworthy .
Riego. cálculo de la ETo por el método de la FAO-Penman Monteith (Allen et al., 2006) y el cálculo de la lámina de riego con base en el balance hídrico.","1. Abscisión
2. Crecimiento del fruto (MS, diámetro, Peso).
3. Estados fenológicos
4. Variables climáticas
5. Contenido nutrientes del suelo
6. Contenido mineral del fruto",Investigación,"1. Caracterización de la fenología floral (140 días a antesis), 
2. Abscisión global. 99,85 % (276.455 flores)
3. Cuajado. 0,15 % 
4. Incremento en rendimiento con manejo de IBN + riego. de 7,5 a 14 t/ha y la producción por planta de 61 a 98 kg.","1. Protocolo aplicación láminas de riego Antioquia, Tolima, Cauca (Fase 1. Palmira)
2. Protocolo para manejo de la fertilización  (Antioquia, Tolima, Cauca) (Fase 1).","Artículo científico. Pattern of flower and fruit abscision and fruit growth of hass avocado under tropical conditions
chrome-extension://efaidnbmnnnibpcajpcglclefindmkaj/
https://www.cropj.com/Roa_18_09_2024_547_554.pdf

Libros.
1. Criterios para la definición de planes de fertilización en el cultivo de aguacate Hass con un enfoque tecnificado https://doi.org/10.21930/agrosavia.manual.7402384

2. Requerimientos hídricos del cultivo de aguacate (Persea americana) variedad Hass en zonas productoras de Colombia https://doi.org/10.21930/agrosavia.manual.7402322",,Resultado de investigación,2026-04-03 00:00:00,No definido,Investigación,"1. Disponibilidad de proocolos estandarizados para aplicación de nutrición y riego.
2. Incremento den rendimiento","ncremento de la productividad del cultivo (de 7,5 a 14 t/ha), mejorando la rentabilidad del sistema productivo de aguacate Hass.",Fortalecimiento de las capacidades de manejo productivo de los agricultores mediante prácticas de riego y nutrición más eficientes.,Uso más eficiente del agua y de los nutrientes mediante manejo hídrico y nutricional basado en criterios técnicos.,"Antioquia, Tolima, Cauca","Rionegro, Herveo, Morales",Asociación de productores,"Asociación de Productores de Frutas y Hortalizas de Herveo (ASFRUHER)
Asociación de Productores de Aguacate de El Retiro (APROARE)","Productores de aguacate Hass de Herveo (Tolima) y El Retiro (Antioquia), técnicos y otros productores de las zonas productoras de aguacate en Colombia.",Zonas productoras de aguacate Hass a nivel nacional,NA,NA,Entes Nacionales y Territoriales,3000000,2013,2016,Finalizado,Indicadores de sostenibilidad ambiental,,
Bioeconomía:  Biodiversidad,Agraz,Fisiología vegetal y nutrición,Aprovechamiento sostenible de agraz en el Cauca,,,,,,,,,,,,,,,,,,,,,,,,,,,,,,,,,Entes Nacionales y Territoriales,,,,,,,
Bioeconomía:  Biodiversidad,Agraz,Material de siembra y mejoramiento genético,Aprovechamiento sostenible de agraz en el Cauca,,,,,,,,,,,,,,,,,,,,,,,,,,,,,,,,,Entes Nacionales y Territoriales,,,,,,,
Bioeconomía:  Biodiversidad,Agraz,Material de siembra y mejoramiento genético,Aprovechamiento sostenible de agraz en el Cauca,,,,,,,,,,,,,,,,,,,,,,,,,,,,,,,,,Entes Nacionales y Territoriales,,,,,,,
Bioeconomía: Prácticas de agricultura sostenible,Aguacate Hass,Fisiología vegetal y nutrición,"1. Protocolo aplicación láminas de riego Antioquia, Tolima, Cauca (Fase 1. Palmira)
2. Protocolo para manejo de la fertilización  (Antioquia, Tolima, Cauca) (Fase 1).",Alexander Rebolledo Roa,Ejecutor,Agrosavia,COLCIENCIAS,Financiador,,,,,,,,,,,,,,,,,,,,"Antioquia, Tolima, Cauca","Rionegro, Herveo, Morales",Asociación de productores,673,,,,,Entes Nacionales y Territoriales,,,,,,Nutrición por sitio específico,
ACI:Productividad agrícola agroambientalmente eficiente e integralmente sostenible,Aguacate Hass,Fisiología vegetal y nutrición,Validación de tecnologías para el manejo del riego y fertilización en cultivos de aguacate Hass y desarrollo de un aplicativo web para mejorar acceso a las tecnologías (Fase 2),,,,"Gobernación del Cauca, Universidad del Cauca",,,,,,,,,,,,,,,,,,,,,Cauca,"Morales, Cajibío, Piendamó, Caldono, Tambo, Timbío, Popayán, Sotará, Caloto, Corinto, Toribío.",Asociación de productores,1440,,,,,Entes Nacionales y Territoriales,,,,,,Fertilización por sitio específico,
ACI:Productividad agrícola agroambientalmente eficiente e integralmente sostenible,Aguacate Hass,Fisiología vegetal y nutrición,Escalar tecnologías (TRL) para el manejo de la fertilización y del riego en cultivos de aguacate en el Cauca y Valle del Cauca (Sistema productivo para consumo interno y para exportación (Fase 3),,,,"SENA CEAI, Universidad Cooperativa de Colombia, CREATIC, BIOINNOVA, Cámara de Comercio de Palmira, CITRIVIVEROS, Alcaldías de Popayán, Piendamó, El Tambo, Sotará, Palmira, Caicedonia, Versalles, San José del Palmar, asociaciones de productores locales",,,,,,,,,,,,,,,,,,,,,"Chocó, Cauca, Valle del Cauca","San José del Palmar, El Tambo, Piendamó, Sotará, Popayán, Caicedonia, Versalles, Palmira",Asociación de productores,889,,,,,Entes Nacionales y Territoriales,,,,,,,
Bioeconomía: Prácticas de agricultura sostenible,Aguacate Hass,Fisiología vegetal y nutrición,Desarrollo de modelo fenológico  aguacate Hass  Pijao – Quindío (Fase 1),,,,Global Green SAS,,,,,,,,,,,,,,,,,,,,,Caldas,Pijao,Otro,115,,,,,Sector privado,,,,,,,
Bioeconomía: Prácticas de agricultura sostenible,Aguacate Hass,Manejo sanitario y fitosanitario,Actividad 6. Generar practicas de manejo fitosanitario de plags de importancia cuarentenaria validadas en regiones productoras del departamento.,,,,,,,,,,,,,,,,,,,,,,,,,,,,,,,,,Entes Nacionales y Territoriales,,,,,,,
ACI: Adaptación y resiliencia de los sistemas productivos agropecuarios frente a condiciones de clima cambiante,Aguacate Hass,Manejo ambiental y sostenibilidad,convenio 1929. Actividad 1. Valoración de la oferta biofísica y caracterización socioeconómica de sistemas de producción de aguacate para la identificación de nichos productivos y tecnología requerida en el desarrollo de cultivos de aguacate Hass en el Departamento del Cauca.  Lider: Diana Lucia Correa Moreno,,,,,,,,,,,,,,,,,,,,,,,,,,,,,,,,,Entes Nacionales y Territoriales,,,,,,,
Inclusión social en el desarrollo tecnológico: Apropiación social del conocimiento desde la ciencia ciudadana y la ciencia comunitaria,Aguacate Hass,Manejo ambiental y sostenibilidad,convenio 1929. Actividad 6. Divulgación de la oferta tecnológica disponible del sistema productivo de aguacate y las tecnologías validadas .  Lider: Diana Lucia Correa Moreno,,,,,,,,,,,,,,,,,,,,,,,,,,,,,,,,,Entes Nacionales y Territoriales,,,,,,,
Bioeconomía:  Biodiversidad,Aguacate Hass,Manejo sanitario y fitosanitario,Aumento de la productividad del aguacate mediante el uso de polinizadores en tres zonas productoras de Colombia.,,,,,,,,,,,,,,,,,,,,,,,,,,,,,,,,,Entes Nacionales y Territoriales,,,,,,,
ACI: Adaptación y resiliencia de los sistemas productivos agropecuarios frente a condiciones de clima cambiante,Aguacate Hass,Manejo ambiental y sostenibilidad,Reducción del riesgo y adaptación al cambio climático_Modelos de adaptación agroclimática (MAPA). Aguacate Hass (Persea americana Mill.) var. Hass. Facilitadora Regional MAPA: Diana Lucia Correa Moreno,,,,,,,,,,,,,,,,,,,,,,,,,,,,,,,,,Entes Nacionales y Territoriales,,,,,,,
Otro,Aguacate Hass,Manejo sanitario y fitosanitario,Identificación de ácaros e insectos escamas y sus enemigos naturales promisorios para una producción competitiva de aguacate en Colombia.,,,,,,,,,,,,,,,,,,,,,,,,,,,,,,,,,Entes Nacionales y Territoriales,,,,,,,
Bioeconomía:  Biodiversidad,Aguacate Hass,Material de siembra y mejoramiento genético,Bases tecnológicas para la producción de material de siembra de aguacate de alta calidad Fase 1,,,,,,,,,,,,,,,,,,,,,,,,,,,,,,,,,Entes Nacionales y Territoriales,,,,,,,
Bioeconomía:  Biodiversidad,Aguacate Hass,Material de siembra y mejoramiento genético,Bases tecnológicas para la producción de material de siembra de aguacate de alta calidad Fase 2,,,,,,,,,,,,,,,,,,,,,,,,,,,,,,,,,Entes Nacionales y Territoriales,,,,,,,
Bioeconomía: Economía circular,Aguacate Hass,Material de siembra y mejoramiento genético,Bases tecnológicas para la producción de material de siembra de aguacate de alta calidad Fase 3,,,,,,,,,,,,,,,,,,,,,,,,,,,,,,,,,Entes Nacionales y Territoriales,,,,,,,
ACI:Productividad agrícola agroambientalmente eficiente e integralmente sostenible,Aguacate Hass,Manejo ambiental y sostenibilidad,"Validación metodológica para caracterizar las condiciones biofísicas, socioeconómicas y productivas a escala 1:25.000, para el cultivo de aguacate en la región productora del Tolima, como soporte para el desarrollo de tecnologías de manejo agronómico del cultivo. Lider: Diana Lucia Correa Moreno",,,,,,,,,,,,,,,,,,,,,,,,,Tolima,,,,,,,,Entes Nacionales y Territoriales,,,,,,,
ACI: Adaptación y resiliencia de los sistemas productivos agropecuarios frente a condiciones de clima cambiante,Aguacate Hass,Manejo ambiental y sostenibilidad,"Condiciones biofísicas  y socioeconómicas del sistema productivo de aguacate -  variedad Lorena caracterizadas en la región productora del Tolima, como soporte para el desarrollo de tecnologías de manejo agronómico específicas. Lider: Diana Lucia Correa Moreno",,,,,,,,,,,,,,,,,,,,,,,,,Tolima,,,,,,,,Entes Nacionales y Territoriales,,,,,,,
ACI: Adaptación y resiliencia de los sistemas productivos agropecuarios frente a condiciones de clima cambiante,Aguacate Hass,Manejo ambiental y sostenibilidad,Caracterización de áreas potenciales con enfoque territorial y de adaptación para el desarrollo y producción de cultivos de aguacate con atributos de valor. Lider: Diana Lucia Correa Moreno,,,,,,,,,,,,,,,,,,,,,,,,,Tolima,,,,,,,,Entes Nacionales y Territoriales,,,,,,,
Bioeconomía:  Biodiversidad,Ají,Material de siembra y mejoramiento genético,Selección de materiales de Capsicum spp. con atributos diferenciales y ventajas competitivas agronómicas y agroindustriales,,,,,,,,,,,,,,,,,,,,,,,,,,,,,,,,,Entes Nacionales y Territoriales,,,,,,,
Bioeconomía:  Biodiversidad,Bancos de Germoplasma,Material de siembra y mejoramiento genético,2025 BGA Conservación en Campo BG Vegetal ID 1003076,,,,,,,,,,,,,,,,,,,,,,,,,,,,,,,,,Entes Nacionales y Territoriales,,,,,,,
Bioeconomía:  Biodiversidad,Cacao,Material de siembra y mejoramiento genético,Identificación de atributos agronómicos en cacao cuya expresión es afectada por el patrón con miras a establecer un programa de mejoramiento genético de patrones que contribuya a realzar el comportamiento de clones de interés,,,,,,,,,,,,,,,,,,,,,,,,,,,,,,,,,Entes Internacionales,,,,,,,
Bioeconomía:  Biodiversidad,Cacao,Material de siembra y mejoramiento genético,"Selección de patrones de cacao mediante la identificación de atributos agronómicos cuya expresión es afectada por el patrón, con miras a establecer un programa de mejoramiento genético de patrones que contribuya a realzar el comportamiento de clones de interés.",,,,,,,,,,,,,,,,,,,,,,,,,,,,,,,,,Entes Nacionales y Territoriales,,,,,,,
Bioeconomía:  Biodiversidad,Cacao,Material de siembra y mejoramiento genético,"Evaluación de la acumulación de cadmio de genotipos de cacao, bajo diferentes condiciones edafoclimáticas, como estrategia de mitigación del impacto de contenidos de cadmio biodisponible en suelo",,,,,,,,,,,,,,,,,,,,,,,,,,,,,,,,,Entes Internacionales,,,,,,,
Bioeconomía:  Biodiversidad,Cacao,Material de siembra y mejoramiento genético,Fase II Cacao para la paz,,,,,,,,,,,,,,,,,,,,,,,,,,,,,,,,,Entes Internacionales,,,,,,,
Bioeconomía: Prácticas de agricultura sostenible,Cacao,Manejo de sistemas productivos,Implementación de recomendaciones tecnológicas orientadas al fortalecimiento de capacidades y desarrollo sostenible del sistema productivo de cacao en el suroccidente colombiano a partir de estrategias participativas,,,,,,,,,,,,,,,,,,,,,,,,,,,,,,,,,Entes Internacionales,,,,,,,
Bioeconomía:  Biodiversidad,Cacao,Material de siembra y mejoramiento genético,Merging eco-physiology and ML to select drought tolerant cacao genotypes,,,,,,,,,,,,,,,,,,,,,,,,,,,,,,,,,Entes Internacionales,,,,,,,
Bioeconomía: Prácticas de agricultura sostenible,Cacao,Manejo de sistemas productivos,Proyecto 88352 - Aplicación y validación de tecnologías para potencializar la competitividad del sistema productivo de cacao en 8 municipios priorizados del departamento del Cauca,,,,,,,,,,,,,,,,,,,,,,,,,,,,,,,,,Entes Nacionales y Territoriales,,,,,,,
Bioeconomía: Economía circular,Cacao,"Manejo cosecha, poscosecha y transformación","1002666: Viabilidad centros de fermentación en las regiones cacaoteras de Caldas, Huila y Tolima.",,,,,,,,,,,,,,,,,,,,,,,,,,,,,,,,,Entes Internacionales,,,,,,,
Bioeconomía: Economía circular,Cacao,"Manejo cosecha, poscosecha y transformación","ID: 1002667. Establecimiento de protocolos apropiados de fermentación basados en perfiles sensoriales del cacao en Caldas, Huila y Tolima.",,,,,,,,,,,,,,,,,,,,,,,,,,,,,,,,,Entes Internacionales,,,,,,,
Bioeconomía: Economía circular,Cacao,"Manejo cosecha, poscosecha y transformación",ID: 1002841. Implementación de un modelo para el aprovechamiento integral de las mazorcas de cacao para la generación de productos de valor agregado por medio de alternativas biotecnológicas,,,,,,,,,,,,,,,,,,,,,,,,,,,,,,,,,Entes Nacionales y Territoriales,,,,,,,
Otro,Cacao,"Manejo cosecha, poscosecha y transformación",Idea. 0007950. Estrategia poscosecha para la inocuidad y comercio del cacao colombiano,,,,,,,,,,,,,,,,,,,,,,,,,,,,,,,,,Entes Internacionales,,,,,,,
Bioeconomía: Economía circular,Cacao,"Manejo cosecha, poscosecha y transformación",Idea. 0007978. Bioeconomía en cacao,,,,,,,,,,,,,,,,,,,,,,,,,,,,,,,,,Entes Internacionales,,,,,,,
Bioeconomía: Prácticas de agricultura sostenible,Cacao,Manejo de sistemas productivos,"Proyecto 95883. IMPLEMENTACIÓN DE INNOVACIONES TECNOLÓGICAS BAJO UN MODELO DE ECONOMÍA CIRCULAR, SOCIAL Y SOLIDARIA COMO APORTE A LA SEGURIDAD ALIMENTARIA Y A LA TRANSICIÓN SOSTENIBLE HACIA UN DESARROLLO AGRÍCOLA Y AGROINDUSTRIAL EN 4 MUNICIPIOS DEL DEPARTAMENTO DEL VALLE DEL CAUCA",,,,,,,,,,,,,,,,,,,,,,,,,,,,,,,,,Entes Nacionales y Territoriales,,,,,,,
Bioeconomía: Economía circular,Cacao,"Manejo cosecha, poscosecha y transformación",ID 001451: SGR Arauca poscosecha,,,,,,,,,,,,,,,,,,,,,,,,,,,,,,,,,Entes Nacionales y Territoriales,,,,,,,
ACI: Adaptación y resiliencia de los sistemas productivos agropecuarios frente a condiciones de clima cambiante,Chontaduro,Manejo ambiental y sostenibilidad,Reducción del riesgo y adaptación al cambio climático_Modelos de adaptación agroclimática (MAPA). Chontaduro (Bactris gasipae),,,,,,,,,,,,,,,,,,,,,,,,,,,,,,,,,Entes Nacionales y Territoriales,,,,,,,
Bioeconomía: Prácticas de agricultura sostenible,Chontaduro,"Transf. de tecnologia, asist. técnica e innovación",Gestión del conocimiento para el fortalecimiento productivo de los frutales del Valle del Cauca: Programa integral de Fruticultura PIF. FASE 2,,,,,,,,,,,,,,,,,,,,,,,,,,,,,,,,,Entes Nacionales y Territoriales,,,,,,,
Bioeconomía: Prácticas de agricultura sostenible,Chontaduro,Material de siembra y mejoramiento genético,Programa de fortalecimiento al sistema nacional de semillas producto de la intervención de sistemas locales de semillas: PLAN NACIONAL DE SEMILLAS,,,,,,,,,,,,,,,,,,,,,,,,,,,,,,,,,Entes Nacionales y Territoriales,,,,,,,
Bioeconomía: Prácticas de agricultura sostenible,Chontaduro,Manejo de sistemas productivos,Desarrollo de estrategias para la recuperación de los sistemas productivos de Chontaduro (Bactris gasipaes) en sistemas agroforestales en zona rural del distrito de Buenaventura,,,,,,,,,,,,,,,,,,,,,,,,,,,,,,,,,Entes Nacionales y Territoriales,,,,,,,
Bioeconomía:  Biodiversidad,Coco,Material de siembra y mejoramiento genético,Colección de trabajo de materiales regionales de cocotero como base para repoblamiento y conservación de variabilidad genética.,,,,,,,,,,,,,,,,,,,,,,,,,,,,,,,,,Entes Nacionales y Territoriales,,,,,,,
Otro,Coco,Manejo de sistemas productivos,"Aunar esfuerzos económicos, técnicos, logísticos y humanos para el fortalecimiento del sistema de producción del cocotero en la costa pacífica colombiana a partir de la implementación de las buenas prácticas agrícolas (BPA), transferencia de tecnología en actividades de producción y manejo de viveros en los municipios de Tumaco, el Charco, Francisco Pizarro, La Tola, Mosquera, Santa Bárbara de Iscuande y Olaya Herrera del departamento de Nariño",,,,,,,,,,,,,,,,,,,,,,,,,,,,,,,,,Entes Nacionales y Territoriales,,,,,,,
Bioeconomía: Prácticas de agricultura sostenible,Fique,Material de siembra y mejoramiento genético,Bases tecnologicas para el programa de mejoramiento del fique,,,,,,,,,,,,,,,,,,,,,,,,,,,,,,,,,Entes Nacionales y Territoriales,,,,,,,
Bioeconomía: Prácticas de agricultura sostenible,Fique,Fisiología vegetal y nutrición,Bases tecnologicas para el programa de mejoramiento del fique,,,,,,,,,,,,,,,,,,,,,,,,,,,,,,,,,Entes Nacionales y Territoriales,,,,,,,
Bioeconomía:  Biodiversidad,Fique,Manejo ambiental y sostenibilidad,"Áreas seleccionadas, especies priorizadas en diferentes regiones y viveros establecidos -Protocolos de producción del material vegetal y establecimiento.",,,,,,,,,,,,,,,,,,,,,,,,,,,,,,,,,Entes Nacionales y Territoriales,,,,,,,
Bioeconomía:  Biodiversidad,Forestal,Manejo ambiental y sostenibilidad,Establecimientos de arboretums en los centros de investigación utilizando material vegetal producido en el año anterior. RA: Diana Lucia Correa Moreno,,,,,,,,,,,,,,,,,,,,,,,,,,,,,,,,,Entes Nacionales y Territoriales,,,,,,,
Bioeconomía:  Biodiversidad,Forestal,Manejo ambiental y sostenibilidad,Datos de crecimiento de las especies en cada uno de los arboretums y sus proyecciones frente al comportamiento en otras regiones tradicionales de uso de las mismas. RA: Diana Lucia Correa Moreno,,,,,,,,,,,,,,,,,,,,,,,,,,,,,,,,,Entes Nacionales y Territoriales,,,,,,,
Bioeconomía:  Biodiversidad,Forestal,Manejo ambiental y sostenibilidad,Materiales nativos e introducidos de especies arbóreas caracterizados y evaluados para uso múltiple. RA: Diana Lucia Correa Moreno,,,,,,,,,,,,,,,,,,,,,,,,,,,,,,,,,Entes Nacionales y Territoriales,,,,,,,
Bioeconomía:  Biodiversidad,Forestal,Manejo ambiental y sostenibilidad,Meta: Estudio fenológico y pruebas de germinación preliminares de las especies nativas seleccionadas y priorizadas. RA: Diana Lucia Correa Moreno,,,,,,,,,,,,,,,,,,,,,,,,,,,,,,,,,Entes Nacionales y Territoriales,,,,,,,
Bioeconomía:  Biodiversidad,Forestal,Manejo ambiental y sostenibilidad,Meta: Protocolos de germinación estandarizados para 5 especies nativas. RA: Diana Lucia Correa Moreno,,,,,,,,,,,,,,,,,,,,,,,,,,,,,,,,,Entes Nacionales y Territoriales,,,,,,,
Bioeconomía:  Biodiversidad,Forestal,Manejo ambiental y sostenibilidad,Meta: Modelo alométrico preliminar por localidad para la predicción del crecimiento en diámetro y altura de especies forestales en sus primeras fases vegetativas. RA: Diana Lucia Correa Moreno,,,,,,,,,,,,,,,,,,,,,,,,,,,,,,,,,Entes Nacionales y Territoriales,,,,,,,
Bioeconomía:  Biodiversidad,Forestal,Manejo ambiental y sostenibilidad,Meta: Fichas técnicas de especies forestales caracterizadas y evaluadas para uso múltiple en diferentes zonas agroecológicas. RA: Diana Lucia Correa Moreno,,,,,,,,,,,,,,,,,,,,,,,,,,,,,,,,,Entes Nacionales y Territoriales,,,,,,,
Bioeconomía:  Biodiversidad,Forestal,Manejo ambiental y sostenibilidad,Proyecto: Evaluación de especies arbustivas y arbóreas para uso múltiple. RA: Diana Lucia Correa Moreno,,,,,,,,,,,,,,,,,,,,,,,,,,,,,,,,,Entes Nacionales y Territoriales,,,,,,,
Bioeconomía:  Biodiversidad,Forestal,Manejo ambiental y sostenibilidad,Meta: Servicios ecosistémicos de especies forestales. RA: Diana Lucia Correa Moreno,,,,,,,,,,,,,,,,,,,,,,,,,,,,,,,,,Entes Nacionales y Territoriales,,,,,,,
Bioeconomía:  Biodiversidad,Forestal,Manejo ambiental y sostenibilidad,Meta:  Protocolos de germinación y métodos de dispersión de semillas. RA: Diana Lucia Correa Moreno,,,,,,,,,,,,,,,,,,,,,,,,,,,,,,,,,Entes Nacionales y Territoriales,,,,,,,
NSA(MPIyS): Sistemas alimentarios regenerativos,Forestal,Manejo de sistemas productivos,Ruta Etnica_Forestales_ Cauca. RA: Diana Lucia Correa Moreno,,,,,,,,,,,,,,,,,,,,,,,,,,,,,,,,,Entes Nacionales y Territoriales,,,,,,,
Bioeconomía:  Biodiversidad,Guanábana,Material de siembra y mejoramiento genético,Evaluación de clones de promisorios de guanábana para aumentar la oferta de materiales mejorados para el productor agropecuario,,,,,,,,,,,,,,,,,,,,,,,,,,,,,,,,,Entes Nacionales y Territoriales,,,,,,,
Bioeconomía:  Biodiversidad,Guanábana,"Transf. de tecnologia, asist. técnica e innovación",Plan de Vinculación: Agrosavia Fecunda y Agrosavia Tesoro: dos nuevos cultivares de guanábana como alternativa de producción para los agricultores colombianos,,,,,,,,,,,,,,,,,,,,,,,,,,,,,,,,,Entes Nacionales y Territoriales,,,,,,,
Bioeconomía: Prácticas de agricultura sostenible,Guanábana,Material de siembra y mejoramiento genético,Agrosavia Fecunda y Agrosavia Tesoro: dos nuevos cultivares de guanábana como alternativa de producción para los agricultores colombianos,,,,,,,,,,,,,,,,,,,,,,,,,,,,,,,,,Otro,,,,,,,
Bioeconomía: Prácticas de agricultura sostenible,Guayaba,Material de siembra y mejoramiento genético,Nuevas variedades y materiales promisorios de guayaba identificadas para Colombia con potencial de rendimiento y calidad nutricional e industrial.,,,,,,,,,,,,,,,,,,,,,,,,,,,,,,,,,Entes Nacionales y Territoriales,,,,,,,
Bioeconomía: Prácticas de agricultura sostenible,Guayaba,Material de siembra y mejoramiento genético,"Ofertas varietales de guayaba generadas para Colombia con potencial productivo para el consumo fresco e industrial (Valle del Cauca, Santander, Boyacá, Meta, Eje Cafetero, Tolima y Caribe).",,,,,,,,,,,,,,,,,,,,,,,,,,,,,,,,,Entes Nacionales y Territoriales,,,,,,,
Bioeconomía: Prácticas de agricultura sostenible,Guayaba,Material de siembra y mejoramiento genético,Estudio de la adaptación de cultivares comerciales y regionales de guayaba para uso industrial y consumo en fresco en diferentes zonas agroecológicas de Colombia,,,,,,,,,,,,,,,,,,,,,,,,,,,,,,,,,Entes Nacionales y Territoriales,,,,,,,
Bioeconomía: Prácticas de agricultura sostenible,Guayaba,Material de siembra y mejoramiento genético,Material de siembra con calidad de las Variedades de guayaba AGROSAVIA Carmín 0328 y AGROSAVIA Rosa-C,,,,,,,,,,,,,,,,,,,,,,,,,,,,,,,,,Entes Nacionales y Territoriales,,,,,,,
ACI:Productividad agrícola agroambientalmente eficiente e integralmente sostenible,Guayaba,Manejo de sistemas productivos,"Producto Parcial 25. Fase 1: Lotes experimentales seleccionados y aplicada primera poda de producción, para validación del manejo de la estacionalidad de la producción en guayaba.   Lider: Diana Lucia Correa Moreno",,,,,,,,,,,,,,,,,,,,,,,,,,,,,,,,,Entes Nacionales y Territoriales,,,,,,,
ACI:Productividad agrícola agroambientalmente eficiente e integralmente sostenible,Guayaba,Manejo de sistemas productivos,"Técnicas  validadas para el manejo de estacionalidad en guayaba a través de plan de podas, fertilización y riego. Fase 2: Primer ciclo de evaluación. Fase 3: Segundo ciclo de evaluación. Valle - Santander.  Lider: Diana Lucia Correa Moreno",,,,,,,,,,,,,,,,,,,,,,,,,,,,,,,,,Entes Nacionales y Territoriales,,,,,,,
ACI:Productividad agrícola agroambientalmente eficiente e integralmente sostenible,Guayaba,Manejo de sistemas productivos,Densidades de siembra adecuadas a zonas agroecológicas y a variedades regionales de guayaba determinadas.   Santander.  Lider: Diana Lucia Correa Moreno,,,,,,,,,,,,,,,,,,,,,,,,,,,,,,,,,Entes Nacionales y Territoriales,,,,,,,
ACI:Productividad agrícola agroambientalmente eficiente e integralmente sostenible,Guayaba,Manejo de sistemas productivos,"Planes de fertilización en fase de establecimiento, en cultivos de Guayaba evaluados.  Lider: Diana Lucia Correa Moreno",,,,,,,,,,,,,,,,,,,,,,,,,,,,,,,,,Entes Nacionales y Territoriales,,,,,,,
ACI:Productividad agrícola agroambientalmente eficiente e integralmente sostenible,Guayaba,Manejo ambiental y sostenibilidad,Estrategias para la producción sostenible de guayaba en zonas productoras de Colombia.  Lider: Diana Lucia Correa Moreno,,,,,,,,,,,,,,,,,,,,,,,,,,,,,,,,,Entes Nacionales y Territoriales,,,,,,,
ACI:Productividad agrícola agroambientalmente eficiente e integralmente sostenible,Guayaba,Manejo de suelos y aguas,Meta 0 (Fase 1:  2018 – 2019). Análisis preliminar de extracción de nutrientes en guayaba.  Lider: Diana Lucia Correa Moreno,,,,,,,,,,,,,,,,,,,,,,,,,,,,,,,,,Entes Nacionales y Territoriales,,,,,,,
ACI:Productividad agrícola agroambientalmente eficiente e integralmente sostenible,Guayaba,Manejo de suelos y aguas,Meta 1 (Fase 2:  2019 – 2020). Línea base extracción de nutrientes y rangos de suficiencia estimados para ajuste de fertilización en cultivos tecnificados de guayaba.  Lider: Diana Lucia Correa Moreno,,,,,,,,,,,,,,,,,,,,,,,,,,,,,,,,,Entes Nacionales y Territoriales,,,,,,,
ACI:Productividad agrícola agroambientalmente eficiente e integralmente sostenible,Guayaba,Manejo ambiental y sostenibilidad,"Meta 2 (Fase 3:  2023 – 2025). Prácticas de manejo integral de la fertilidad (Química, física y biológica) y provisión de servicios ecosistémicos en cultivos de guayaba evaluadas. Fases Establecimiento y Producción.  Lider: Diana Lucia Correa Moreno",,,,,,,,,,,,,,,,,,,,,,,,,,,,,,,,,Entes Nacionales y Territoriales,,,,,,,
ACI:Productividad agrícola agroambientalmente eficiente e integralmente sostenible,Guayaba,Fisiología vegetal y nutrición,Fertilización bajo manejo  de la nutrición por sitio especifico (MNSE) evaluada y validada para el mejoramiento de la productividad en cultivos tecnificados de guayaba.  Lider: Diana Lucia Correa Moreno,,,,,,,,,,,,,,,,,,,,,,,,,,,,,,,,,Entes Nacionales y Territoriales,,,,,,,
ACI:Productividad agrícola agroambientalmente eficiente e integralmente sostenible,Guayaba,Manejo ambiental y sostenibilidad,Zonas potenciales para el sistema de producción de guayaba con enfoque territorial y adaptación del cultivo.  Lider: Diana Lucia Correa Moreno,,,,,,,,,,,,,,,,,,,,,,,,,,,,,,,,,Entes Nacionales y Territoriales,,,,,,,
ACI:Productividad agrícola agroambientalmente eficiente e integralmente sostenible,Guayaba,Manejo ambiental y sostenibilidad,Sistema de información experto (SE) para los sistemas de producción de la guayaba.  Lider: Diana Lucia Correa Moreno,,,,,,,,,,,,,,,,,,,,,,,,,,,,,,,,,Entes Nacionales y Territoriales,,,,,,,
ACI:Productividad agrícola agroambientalmente eficiente e integralmente sostenible,Guayaba,Material de siembra y mejoramiento genético,Tecnologías para la producción de plántulas de guayaba en vivero.  Lider: Diana Lucia Correa Moreno,,,,,,,,,,,,,,,,,,,,,,,,,,,,,,,,,Entes Nacionales y Territoriales,,,,,,,
ACI:Productividad agrícola agroambientalmente eficiente e integralmente sostenible,Guayaba,Manejo de sistemas productivos,Modelo de estrategias generado para la producción sostenible de guayaba  basado en criterios de planificación y manejo agronómico del cultivo.  Lider: Diana Lucia Correa Moreno,,,,,,,,,,,,,,,,,,,,,,,,,,,,,,,,,Entes Nacionales y Territoriales,,,,,,,
ACI:Productividad agrícola agroambientalmente eficiente e integralmente sostenible,Guayaba,Fisiología vegetal y nutrición,Sistema de información de índices espectrales de vegetación asociados a estrés abiótico en cultivos de guayaba (Psidium guajava).  Lider: Diana Lucia Correa Moreno,,,,,,,,,,,,,,,,,,,,,,,,,,,,,,,,,Entes Nacionales y Territoriales,,,,,,,
ACI:Productividad agrícola agroambientalmente eficiente e integralmente sostenible,Lima Acida Tahití,Manejo de suelos y aguas,Convenio 1991. Piloto Tecnológico Análisis Tecnologías Precisión,,,,,,,,,,,,,,,,,,,,,,,,,,,,,,,,,Entes Internacionales,,,,,,,
ACI:Productividad agrícola agroambientalmente eficiente e integralmente sostenible,Lima Acida Tahití,Manejo de suelos y aguas,"Convenio 2217. Agricultura tropical 4,0: Uso eficiente del agua",,,,,,,,,,,,,,,,,,,,,,,,,,,,,,,,,Entes Internacionales,,,,,,,
ACI:Productividad agrícola agroambientalmente eficiente e integralmente sostenible,Lima Acida Tahití,Fisiología vegetal y nutrición,Convenio S421. Validación de un sensor tipo dendrómetro para fruto,,,,,,,,,,,,,,,,,,,,,,,,,,,,,,,,,Sector privado,,,,,,,
Bioeconomía: Prácticas de agricultura sostenible,Lima Acida Tahití,Material de siembra y mejoramiento genético,Recomendaciones de  uso para  patrones de  lima ácida Tahití en diferentes zonas del país entregadas,,,,,,,,,,,,,,,,,,,,,,,,,,,,,,,,,Entes Nacionales y Territoriales,,,,,,,
ACI: Adaptación y resiliencia de los sistemas productivos agropecuarios frente a condiciones de clima cambiante,Lima Acida Tahití,Manejo de suelos y aguas,Desarrollo de los modelos productivos regionales de cítricos.,,,,,,,,,,,,,,,,,,,,,,,,,,,,,,,,,Entes Nacionales y Territoriales,,,,,,,
ACI: Adaptación y resiliencia de los sistemas productivos agropecuarios frente a condiciones de clima cambiante,Lima Acida Tahití,Manejo de suelos y aguas,"Validación y ajuste  de tecnología para el manejo de la nutricion, el riego y la poda en lima ácida Tahití en el Valle del Cauca.",,,,,,,,,,,,,,,,,,,,,,,,,,,,,,,,,Entes Nacionales y Territoriales,,,,,,,
Bioeconomía: Prácticas de agricultura sostenible,Lima Acida Tahití,Manejo sanitario y fitosanitario,"Desarrollo de los procesos de indexación de material de siembra frente a las principales enfermedades, para el aseguramiento de la sanidad de los cítricos en Colombia.",,,,,,,,,,,,,,,,,,,,,,,,,,,,,,,,,Entes Nacionales y Territoriales,,,,,,,
Inclusión social en el desarrollo tecnológico: Apropiación social del conocimiento desde la ciencia ciudadana y la ciencia comunitaria,Lima Acida Tahití,"Transf. de tecnologia, asist. técnica e innovación","Convenio derivado No. 3, Líneas Epidemiología y modelos para la mitigación de plagas, del convenio marco interadministrativo no. GGC- 017-2023,.",,,,,,,,,,,,,,,,,,,,,,,,,,,,,,,,,Entes Nacionales y Territoriales,,,,,,,
ACI: Adaptación y resiliencia de los sistemas productivos agropecuarios frente a condiciones de clima cambiante,Limón Pajarito,Manejo ambiental y sostenibilidad,Reducción del riesgo y adaptación al cambio climático_Modelos de adaptación agroclimática (MAPA). Limón pajárito (Citrus aurantifolia). Facilitadora Regional MAPA: Diana Lucia Correa Moreno,,,,,,,,,,,,,,,,,,,,,,,,,,,,,,,,,Entes Nacionales y Territoriales,,,,,,,
Bioeconomía: Prácticas de agricultura sostenible,Lima Acida Tahití,Material de siembra y mejoramiento genético,Cultivares y patrones de cítricos adaptados a diferentes núcleos productivos en Colombia.,,,,,,,,,,,,,,,,,,,,,,,,,,,,,,,,,Entes Nacionales y Territoriales,,,,,,,
Bioeconomía:  Biodiversidad,Lima Acida Tahití,Material de siembra y mejoramiento genético,Evaluación participativa de cítricos promisorios para su uso como copas o patrones en los principales núcleos de producción.,,,,,,,,,,,,,,,,,,,,,,,,,,,,,,,,,Sector privado,,,,,,,
Bioeconomía: Prácticas de agricultura sostenible,Lima Acida Tahití,Material de siembra y mejoramiento genético,"Fortalecer el programa nacional de conservación y multiplicación del material vegetal de cítricos en las categorías genética, básica y registrada como estrategia de prevención fitosanitaria al HLB para garantizar la continuidad del programa de certificación",,,,,,,,,,,,,,,,,,,,,,,,,,,,,,,,,Entes Internacionales,,,,,,,
Bioeconomía: Prácticas de agricultura sostenible,Maracuya,Manejo sanitario y fitosanitario,Desarrollo de componentes de manejo integrado de Dasiops inedulis (Diptera: Lonchaeidae) en maracuyá en el Valle del Cauca.,,,,,,,,,,,,,,,,,,,,,,,,,,,,,,,,,Entes Nacionales y Territoriales,,,,,,,
"Seguridad alimentaria, nutricional y salud humana y animal",Maracuya,Manejo sanitario y fitosanitario,Evaluación y selección de genotipos élite maracuyá,,,,Universidad Nacional,,,,,,,,,,,,,,,,,,,,,Valle del Cauca,,Asociación de productores,,,,,,Entes Nacionales y Territoriales,,,,,,,
ACI:Productividad agrícola agroambientalmente eficiente e integralmente sostenible,Maracuya,Material de siembra y mejoramiento genético,Evaluación y selección de genotipos élite maracuyá,,,,Universidad Nacional,,,,,,,,,,,,,,,,,,,,,Valle del Cauca,,Asociación de productores,,,,,,Entes Nacionales y Territoriales,,,,,,,
ACI: Adaptación y resiliencia de los sistemas productivos agropecuarios frente a condiciones de clima cambiante,Melón,Manejo ambiental y sostenibilidad,Reducción del riesgo y adaptación al cambio climático_Modelos de adaptación agroclimática (MAPA). Melón (Cucumis melo B). Facilitadora Regional MAPA: Diana Lucia Correa Moreno,,,,,,,,,,,,,,,,,,,,,,,,,,,,,,,,,Entes Nacionales y Territoriales,,,,,,,
ACI: Adaptación y resiliencia de los sistemas productivos agropecuarios frente a condiciones de clima cambiante,Mora,Manejo ambiental y sostenibilidad,Reducción del riesgo y adaptación al cambio climático_Modelos de adaptación agroclimática (MAPA). Mora (Rubus glaucus B). Facilitadora Regional MAPA: Diana Lucia Correa Moreno,,,,,,,,,,,,,,,,,,,,,,,,,,,,,,,,,Entes Nacionales y Territoriales,,,,,,,
Bioeconomía: Prácticas de agricultura sostenible,Naranjas,Manejo sanitario y fitosanitario,"Validación de estrategias de manejo de poblaciones de Compsus viridivitattus, y ácaros como aporte del componente entomológico a la construcción del modelo productivo en cítricos.",,,,,,,,,,,,,,,,,,,,,,,,,,,,,,,,,Entes Nacionales y Territoriales,,,,,,,
Bioeconomía: Prácticas de agricultura sostenible,Naranjas,Manejo sanitario y fitosanitario,"Manejo de viveros y bases tecnológicas para la certificación genética, fisiológica y sanitaria",,,,,,,,,,,,,,,,,,,,,,,,,,,,,,,,,Entes Nacionales y Territoriales,,,,,,,
Bioeconomía: Prácticas de agricultura sostenible,Naranjas,Manejo sanitario y fitosanitario,Evaluación de entomopatógenos y productos químicos para el control de Diaphorina citri Kuwayama (Hemiptera: Liviidae) y estudios biológicos de D. citri y su enemigo natural principal Tamarixia radiata (Waterston) (Hymenoptera: Eulophidae).,,,,,,,,,,,,,,,,,,,,,,,,,,,,,,,,,Entes Nacionales y Territoriales,,,,,,,
Bioeconomía: Prácticas de agricultura sostenible,Naranjas,Manejo sanitario y fitosanitario,Generación de esquemas de indexación a enfermedades sistémicas de cítricos para asegurar la sanidad del material de siembra en Colombia,,,,,,,,,,,,,,,,,,,,,,,,,,,,,,,,,Entes Nacionales y Territoriales,,,,,,,
Bioeconomía:  Biodiversidad,Naranjas,Material de siembra y mejoramiento genético,Cultivares y patrones de cítricos adaptados a diferentes núcleos productivos en Colombia Fase 1.,,,,,,,,,,,,,,,,,,,,,,,,,,,,,,,,,Entes Nacionales y Territoriales,,,,,,,
Bioeconomía:  Biodiversidad,Naranjas,Material de siembra y mejoramiento genético,Cultivares y patrones de cítricos adaptados a diferentes núcleos productivos en Colombia Fase 2.,,,,,,,,,,,,,,,,,,,,,,,,,,,,,,,,,Entes Nacionales y Territoriales,,,,,,,
Bioeconomía:  Biodiversidad,Naranjas,Material de siembra y mejoramiento genético,Cultivares y patrones de cítricos adaptados a diferentes núcleos productivos en Colombia Fase 3.,,,,,,,,,,,,,,,,,,,,,,,,,,,,,,,,,Entes Nacionales y Territoriales,,,,,,,
Bioeconomía:  Biodiversidad,Naranjas,Material de siembra y mejoramiento genético,Cultivares y patrones de cítricos adaptados a diferentes núcleos productivos en Colombia Fase 4.,,,,,,,,,,,,,,,,,,,,,,,,,,,,,,,,,Entes Nacionales y Territoriales,,,,,,,
Bioeconomía: Economía circular,Otro,Manejo ambiental y sostenibilidad,Proyecto Agroecologico Colombo Aleman (PACA),,,,,,,,,,,,,,,,,,,,,,,,,,,,,,,,,Entes Nacionales y Territoriales,,,,,,,
NSA(MPIyS): Sistemas agroalimentarios globales,Otro,Material de siembra y mejoramiento genético,Plataforma regional para impulsar la competitividad del aguacate andino,,,,,,,,,,,,,,,,,,,,,,,,,,,,,,,,,N/A,,,,,,,
Bioeconomía:  Biodiversidad,Palma de aceite Africana,Material de siembra y mejoramiento genético,Selección de progenitores Dura y Pisífera de la palma de aceite (Elaeis guineensis) como apoyo a la producción de los cultivares híbridos OxG Corpoica y Ténera Corpoica de segunda generación,,,,,,,,,,,,,,,,,,,,,,,,,,,,,,,,,Entes Nacionales y Territoriales,,,,,,,
Bioeconomía:  Biodiversidad,Palma de aceite Africana,Material de siembra y mejoramiento genético,Practicas de manejo agronómico y seguimiento experimentos palma de aceite. Fase I,,,,,,,,,,,,,,,,,,,,,,,,,,,,,,,,,Entes Nacionales y Territoriales,,,,,,,
Bioeconomía:  Biodiversidad,Palma de aceite Africana,Material de siembra y mejoramiento genético,Practicas de manejo agronómico y seguimiento experimentos palma de aceite. Fase II,,,,,,,,,,,,,,,,,,,,,,,,,,,,,,,,,Entes Nacionales y Territoriales,,,,,,,
Bioeconomía:  Biodiversidad,Palma de aceite Africana,Material de siembra y mejoramiento genético,Practicas de manejo agronómico y seguimiento experimentos palma de aceite,,,,,,,,,,,,,,,,,,,,,,,,,,,,,,,,,Entes Nacionales y Territoriales,,,,,,,
Bioeconomía:  Biodiversidad,Palma de aceite Americana,Material de siembra y mejoramiento genético,Evaluación de progenies F2 de Elaeis Oleifera,,,,,,,,,,,,,,,,,,,,,,,,,,,,,,,,,Entes Nacionales y Territoriales,,,,,,,
Bioeconomía: Prácticas de agricultura sostenible,Palmaceas,Manejo sanitario y fitosanitario,Control biológico y químico de la cochinilla acanalada Crypticerya multicicatrices Kondo & Unruh (Hemiptera: Monophlebidae).,,,,,,,,,,,,,,,,,,,,,,,,,,,,,,,,,Entes Internacionales,,,,,,,
ACI:Productividad agrícola agroambientalmente eficiente e integralmente sostenible,Piña,Material de siembra y mejoramiento genético,Producción de semilla de calidad para Casanare,,,,"Bolívar: Asociación de Agricultores Campesinos Chitacorral (Agrocazan), La Vega: Asociación Productora  de  Quinua  Resguardo  de Pancitara (Asproquinpa), La Vega: Asociación Productora  de  Quinua  Resguardo  de Pancitara (Asproquinpa), Totoró: Asociación  de  Productores  de  Quinua (Asoquinua), Silvia: Cooperativa Multiactiva Indígena de Las Delicias",,,,,,,,,,,,,,,,,,,,,Cauca,"Bolívar, La Vega, Silvia, Totoró",Comunidad campesina,,,,,,Entes Nacionales y Territoriales,,,,,,,
ACI:Productividad agrícola agroambientalmente eficiente e integralmente sostenible,Piña,Fisiología vegetal y nutrición,"Estrategias de manejo agronómico para la piña MD2 para sistemas productivos del departamento del Valle del Cauca, potenciando parámetros de adaptación y sostenibilidad.",,,,,,,,,,,,,,,,,,,,,,,,,,,,,,,,,Entes Nacionales y Territoriales,,,,,,,
Bioeconomía: Prácticas de agricultura sostenible,Piña,Manejo sanitario y fitosanitario,Estrategias para el manejo integrado de las principales enfermedades y plagas que se presentan en el cultivo de piña (cultivar MD2) en los departamentos del Valle del Cauca y Santander. Fase I y Fase II.,,,,,,,,,,,,,,,,,,,,,,,,,,,,,,,,,Entes Nacionales y Territoriales,,,,,,,
Bioeconomía: Economía circular,Piña,Manejo ambiental y sostenibilidad,Identificación de accesiones de piña (Ananas spp.) por su potencial para la obtención de fibra de la hoja para uso agroindustrial.,,,,,,,,,,,,,,,,,,,,,,,,,,,,,,,,,Entes Nacionales y Territoriales,,,,,,,
Bioeconomía: Prácticas de agricultura sostenible,Pitaya Amarilla,Manejo sanitario y fitosanitario,Desarrollo de estrategias de manejo integrado de la mosca del botón floral de la pitaya Dasiops sp. en el Valle del Cauca.,,,,,,,,,,,,,,,,,,,,,,,,,Valle del Cauca,,,,,,,,Entes Nacionales y Territoriales,,,,,,,
Bioeconomía: Prácticas de agricultura sostenible,Pitaya Amarilla,Manejo de sistemas productivos,Recomendaciones de manejo agronómico y fitosanitario del cultivo de la Pitaya Amarilla para las regiones productoras de Colombia.,,,,,,,,,,,,,,,,,,,,,,,,,,,,,,,,,N/A,,,,,,,
ACI:Productividad agrícola agroambientalmente eficiente e integralmente sostenible,Platano,Manejo de suelos y aguas,Propuesta enviada a convocatoria Fontagro2025. Transformación digital del cultivo de plátano: hacia la eficiencia productiva y el relevo generacional,,,,,,,,,,,,,,,,,,,,,,,,,,,,,,,,,,,,,,,,
ACI:Productividad agrícola agroambientalmente eficiente e integralmente sostenible,Platano,Manejo de suelos y aguas,Transformación digital del cultivo de plátano: hacia la eficiencia productiva y el relevo generacional,,,,,,,,,,,,,,,,,,,,,,,,,,,,,,,,,Entes Internacionales,,,,,,,
"Seguridad alimentaria, nutricional y salud humana y animal",Platano,Manejo sanitario y fitosanitario,Sanidad Prevención y Control Enfermedades Plátano F1 y F2,,,,ICA,,,,,,,,,,,,,,,,,,,,,"Caldas, Risaralda, Cauca y Valle del Cauca",,Asociación de productores,,,,,,Entes Nacionales y Territoriales,,,,,,,
Bioeconomía: Prácticas de agricultura sostenible,Quinua,Fisiología vegetal y nutrición,Alternativas tecnológicas para el cultivo de la quinua en el departamento del Cauca,,,,,,,,,,,,,,,,,,,,,,,,,,,,,,,,,Entes Nacionales y Territoriales,,,,,,,
Bioeconomía: Prácticas de agricultura sostenible,Quinua,Fisiología vegetal y nutrición,Alternativas tecnológicas para el cultivo de la quinua en el departamento del Cauca,,,,,,,,,,,,,,,,,,,,,,,,,Valle del Cauca,,,,,,,,Entes Nacionales y Territoriales,,,,,,,
Bioeconomía: Prácticas de agricultura sostenible,Quinua,Fisiología vegetal y nutrición,Desarrollo de modelos de producción de semilla promisorias Quinua en  Cauca PNS,,,,,,,,,,,,,,,,,,,,,,,,,San Andres y Providencia.,,,,,,,,Entes Nacionales y Territoriales,,,,,,,
Bioeconomía: Prácticas de agricultura sostenible,Quinua,Manejo de suelos y aguas,Alternativas tecnológicas para el cultivo de la quinua en el departamento del Cauca,,,,"ICESI, Hugo Restrepo, Utedé",,,,,,,,,,,,,,,,,,,,,"Antioquia, Valle del Cauca y Cauca","Rionegro, Campamento, Palmira, Buga y Timbío",,,,,,,Entes Nacionales y Territoriales,,,,,,,
Bioeconomía: Prácticas de agricultura sostenible,Quinua,Manejo sanitario y fitosanitario,"Desarrollo   de   nuevas   recomendaciones   tecnológicas   para   contribuir   con   la   competitividad  y  la  sostenibilidad  del  sector  quinuero  del  departamento   del   Cauca, Convenio 1983, Actividad 8: Caracterizar los problemas de enfermedades del cultivo de quinua en el departamento del Cauca (Fase 1), Diana Milena Rodríguez Mora",,,,"Asociación de Agricultores Campesinos  de  la  Zanja  Chitacorral(Agrocazan),  Asociación  Productora  de  Quinua  Resguardo  de  Pancitará  (Asproquinpa), Asociación de Productores de Quinua (Asoquinua) y Cooperativa  Multiactiva  Indígena  de  Las Delicias",,,,,,,,,,,,,,,,,,,,,Cauca,"Bolívar, La Vega, Silvia, Totoró",Comunidad Indígena,792 personas,,,,,Entes Nacionales y Territoriales,,,,,,,
"ACI: Gestión eficiente de los recursos agua, nutrientes, suelo y energía para la mitigación de GEI en los sistemas de producción agrícola",Quinua,Manejo ambiental y sostenibilidad,Actividad 4.2: Utilización de coberturas vegetales y mitigación de gases de efecto invernadero GEI. RA: Diana Lucia Correa Moreno,,,,,,,,,,,,,,,,,,,,,,,,,Cauca,,,,,,,,Entes Nacionales y Territoriales,,,,,,,
Bioeconomía: Prácticas de agricultura sostenible,Yuca,Material de siembra y mejoramiento genético,Material de siembra con calidad de las Variedades de yuca AGROSAVIA Cumbre 3 y AGROSAVIA La Francesa,,,,Fedecoco,,,,,,,,,,,,,,,,,,,,,Nariño,"Tumaco, el Charco, Francisco Pizarro, La Tola, Mosquera, Santa Bárbara de Iscuande y Olaya Herrera",Comunidad Afrocolombiana,300,,,,,Entes Nacionales y Territoriales,,,,,,,
NSA(MPIyS): Sistemas alimentarios regenerativos,Otro,Manejo de sistemas productivos,Ruta Agroecológica_Valle del Cauca. RA: Diana Lucia Correa Moreno,,,,,,,,,,,,,,,,,,,,,,,,,Valle,,Asociación de productores,,,,,,Entes Nacionales y Territoriales,,,,,,,
NSA(MPIyS): Sistemas alimentarios regenerativos,Otro,Manejo de sistemas productivos,Mujer rural:conservación de semillas. Lider: Diana Lucia Correa Moreno,,,,,,,,,,,,,,,,,,,,,,,,,Valle,,Asociación de productores,,,,,,Sector privado,,,,,,,
NSA(MPIyS): Restauración de los ecosistemas,Otro,Manejo ambiental y sostenibilidad,"Restauración participativa de ecosistemas y fortalecimiento de la gobernanza ambiental y resiliencia climática en territorios afrocolombianos de la Cuenca del Rio San Jorge (Alto Patia - Cauca) afectados por deforestación, desertificación y sequía. Lider: Diana Lucia Correa Moreno",,,,,,,,,,,,,,,,,,,,,,,,,Cauca,,Comunidad Afrocolombiana,,,,,,Entes Nacionales y Territoriales,,,,,,,
ACI: Adaptación y resiliencia de los sistemas productivos agropecuarios frente a condiciones de clima cambiante,Otro,Manejo ambiental y sostenibilidad,Fortalecimiento de las capacidades de I+D+i del centro de investigación Palmira,,,,,,,,,,,,,,,,,,,,,,,,,Valle,,Comunidad Afrocolombiana,,,,,,Entes Nacionales y Territoriales,,,,,,,
Bioeconomía: Prácticas de agricultura sostenible,Aguacate Hass,Manejo sanitario y fitosanitario,Estrategias de prevención y manejo de enfermedades limitantes en la producción de Aguacate en las principales zonas productoras.,,,,"Viveristas y comercializadores de aguacate, ICA",,,,,,,,,,,,,,,,,,,,,"Cauca, Quindío, Risaralda, Valle del Cauca","Cauca (Timbío), Quindío (Calarcá, La Tebaida, Quimbaya), Risaralda (Cerritos, Pereira), Valle del Cauca (Andalucía, Bolívar, Caicedonia, Candelaria, Cerrito, La Unión, La Victoria, Palmira, Sevilla)",Comunidad campesina,,,,,,Entes Nacionales y Territoriales,,,,,,,
Bioeconomía: Prácticas de agricultura sostenible,Pitaya Amarilla,Manejo sanitario y fitosanitario,Opciones de manejo para reducir los principales problemas del cultivo de la Pitaya en el Valle del Cauca,,,,Asoppitaya: Asociación de productores de pitaya- Ingenieros Agrónomos Asociados,,,,,,,,,,,,,,,,,,,,,Valle del Cauca,Municipios de Palmira-Darien-Riofrio,Asociación de productores,,,,,,Entes Nacionales y Territoriales,,,,,,,
